-- Departments
DELETE FROM `ubigeo_peru_departments`;
INSERT INTO `ubigeo_peru_departments` (`id`, `name`) VALUES
('05', 'ANTIOQUIA'),
('08', 'ATLÁNTICO'),
('11', 'BOGOTÁ, D.C.'),
('13', 'BOLÍVAR'),
('15', 'BOYACÁ'),
('17', 'CALDAS'),
('18', 'CAQUETÁ'),
('19', 'CAUCA'),
('20', 'CESAR'),
('23', 'CÓRDOBA'),
('25', 'CUNDINAMARCA'),
('27', 'CHOCÓ'),
('41', 'HUILA'),
('44', 'LA GUAJIRA'),
('47', 'MAGDALENA'),
('50', 'META'),
('52', 'NARIÑO'),
('54', 'NORTE DE SANTANDER'),
('63', 'QUINDIO'),
('66', 'RISARALDA'),
('68', 'SANTANDER'),
('70', 'SUCRE'),
('73', 'TOLIMA'),
('76', 'VALLE DEL CAUCA'),
('81', 'ARAUCA'),
('85', 'CASANARE'),
('86', 'PUTUMAYO'),
('88', 'ARCHIPIÉLAGO DE SAN ANDRÉS, PROVIDENCIA Y SANTA CATALINA'),
('91', 'AMAZONAS'),
('94', 'GUAINÍA'),
('95', 'GUAVIARE'),
('97', 'VAUPÉS'),
('99', 'VICHADA');

-- Provinces
DELETE FROM `ubigeo_peru_provinces`;
INSERT INTO `ubigeo_peru_provinces` (`id`, `name`, `department_id`) VALUES
('0501', 'MUNICIPIOS DE ANTIOQUIA', '05'),
('0502', 'MUNICIPIOS DE ANTIOQUIA 2', '05'),
('5001', 'MUNICIPIOS DE META', '50'),
('2701', 'MUNICIPIOS DE CHOCÓ', '27'),
('4101', 'MUNICIPIOS DE HUILA', '41'),
('1301', 'MUNICIPIOS DE BOLÍVAR', '13'),
('2501', 'MUNICIPIOS DE CUNDINAMARCA', '25'),
('2502', 'MUNICIPIOS DE CUNDINAMARCA 2', '25'),
('2001', 'MUNICIPIOS DE CESAR', '20'),
('6801', 'MUNICIPIOS DE SANTANDER', '68'),
('1701', 'MUNICIPIOS DE CALDAS', '17'),
('8501', 'MUNICIPIOS DE CASANARE', '85'),
('1801', 'MUNICIPIOS DE CAQUETÁ', '18'),
('4401', 'MUNICIPIOS DE LA GUAJIRA', '44'),
('5201', 'MUNICIPIOS DE NARIÑO', '52'),
('7601', 'MUNICIPIOS DE VALLE DEL CAUCA', '76'),
('4701', 'MUNICIPIOS DE MAGDALENA', '47'),
('1901', 'MUNICIPIOS DE CAUCA', '19'),
('1501', 'MUNICIPIOS DE BOYACÁ', '15'),
('1502', 'MUNICIPIOS DE BOYACÁ 2', '15'),
('7301', 'MUNICIPIOS DE TOLIMA', '73'),
('6601', 'MUNICIPIOS DE RISARALDA', '66'),
('8101', 'MUNICIPIOS DE ARAUCA', '81'),
('5401', 'MUNICIPIOS DE NORTE DE SANTANDER', '54'),
('6301', 'MUNICIPIOS DE QUINDIO', '63'),
('2301', 'MUNICIPIOS DE CÓRDOBA', '23'),
('0801', 'MUNICIPIOS DE ATLÁNTICO', '08'),
('1101', 'MUNICIPIOS DE BOGOTÁ, D.C.', '11'),
('7001', 'MUNICIPIOS DE SUCRE', '70'),
('9501', 'MUNICIPIOS DE GUAVIARE', '95'),
('9701', 'MUNICIPIOS DE VAUPÉS', '97'),
('8601', 'MUNICIPIOS DE PUTUMAYO', '86'),
('9901', 'MUNICIPIOS DE VICHADA', '99'),
('9401', 'MUNICIPIOS DE GUAINÍA', '94'),
('9101', 'MUNICIPIOS DE AMAZONAS', '91'),
('8801', 'MUNICIPIOS DE ARCHIPIÉLAGO DE SAN ANDRÉS, PROVIDENCIA Y SANTA CATALINA', '88');

-- Districts
DELETE FROM `ubigeo_peru_districts`;
INSERT INTO `ubigeo_peru_districts` (`id`, `name`, `province_id`, `department_id`) VALUES
('050101', 'Abriaquí', '0501', '05'),
('050102', 'Alejandria', '0501', '05'),
('050103', 'Amagá', '0501', '05'),
('050104', 'Amalfi', '0501', '05'),
('050105', 'Andes', '0501', '05'),
('050106', 'Angelópolis', '0501', '05'),
('050107', 'Angostura', '0501', '05'),
('050108', 'Anorí', '0501', '05'),
('050109', 'Anzá', '0501', '05'),
('050110', 'Apartadó', '0501', '05'),
('050111', 'Arboletes', '0501', '05'),
('050112', 'Argelia', '0501', '05'),
('050113', 'Armenia', '0501', '05'),
('050114', 'Barbosa', '0501', '05'),
('050115', 'Bello', '0501', '05'),
('050116', 'Belmira', '0501', '05'),
('050117', 'Betania', '0501', '05'),
('050118', 'Betulia', '0501', '05'),
('050119', 'Bolívar', '0501', '05'),
('050120', 'Briceño', '0501', '05'),
('050121', 'Burítica', '0501', '05'),
('050122', 'Caicedo', '0501', '05'),
('050123', 'Caldas', '0501', '05'),
('050124', 'Campamento', '0501', '05'),
('050125', 'Caracolí', '0501', '05'),
('050126', 'Caramanta', '0501', '05'),
('050127', 'Carepa', '0501', '05'),
('050128', 'Carmen de Viboral', '0501', '05'),
('050129', 'Carolina', '0501', '05'),
('050130', 'Caucasia', '0501', '05'),
('050131', 'Cañasgordas', '0501', '05'),
('050132', 'Chigorodó', '0501', '05'),
('050133', 'Cisneros', '0501', '05'),
('050134', 'Cocorná', '0501', '05'),
('050135', 'Concepción', '0501', '05'),
('050136', 'Concordia', '0501', '05'),
('050137', 'Copacabana', '0501', '05'),
('050138', 'Cáceres', '0501', '05'),
('050139', 'Dabeiba', '0501', '05'),
('050140', 'Don Matías', '0501', '05'),
('050141', 'Ebéjico', '0501', '05'),
('050142', 'El Bagre', '0501', '05'),
('050143', 'Entrerríos', '0501', '05'),
('050144', 'Envigado', '0501', '05'),
('050145', 'Fredonia', '0501', '05'),
('050146', 'Frontino', '0501', '05'),
('050147', 'Giraldo', '0501', '05'),
('050148', 'Girardota', '0501', '05'),
('050149', 'Granada', '0501', '05'),
('050150', 'Guadalupe', '0501', '05'),
('050151', 'Guarne', '0501', '05'),
('050152', 'Guatapé', '0501', '05'),
('050153', 'Gómez Plata', '0501', '05'),
('050154', 'Heliconia', '0501', '05'),
('050155', 'Hispania', '0501', '05'),
('050156', 'Itagüí', '0501', '05'),
('050157', 'Ituango', '0501', '05'),
('050158', 'Jardín', '0501', '05'),
('050159', 'Jericó', '0501', '05'),
('050160', 'La Ceja', '0501', '05'),
('050161', 'La Estrella', '0501', '05'),
('050162', 'La Pintada', '0501', '05'),
('050163', 'La Unión', '0501', '05'),
('050164', 'Liborina', '0501', '05'),
('050165', 'Maceo', '0501', '05'),
('050166', 'Marinilla', '0501', '05'),
('050167', 'Medellín', '0501', '05'),
('050168', 'Montebello', '0501', '05'),
('050169', 'Murindó', '0501', '05'),
('050170', 'Mutatá', '0501', '05'),
('050171', 'Nariño', '0501', '05'),
('050172', 'Nechí', '0501', '05'),
('050173', 'Necoclí', '0501', '05'),
('050174', 'Olaya', '0501', '05'),
('050175', 'Peque', '0501', '05'),
('050176', 'Peñol', '0501', '05'),
('050177', 'Pueblorrico', '0501', '05'),
('050178', 'Puerto Berrío', '0501', '05'),
('050179', 'Puerto Nare', '0501', '05'),
('050180', 'Puerto Triunfo', '0501', '05'),
('050181', 'Remedios', '0501', '05'),
('050182', 'Retiro', '0501', '05'),
('050183', 'Ríonegro', '0501', '05'),
('050184', 'Sabanalarga', '0501', '05'),
('050185', 'Sabaneta', '0501', '05'),
('050186', 'Salgar', '0501', '05'),
('050187', 'San Andrés de Cuerquía', '0501', '05'),
('050188', 'San Carlos', '0501', '05'),
('050189', 'San Francisco', '0501', '05'),
('050190', 'San Jerónimo', '0501', '05'),
('050191', 'San José de Montaña', '0501', '05'),
('050192', 'San Juan de Urabá', '0501', '05'),
('050193', 'San Luís', '0501', '05'),
('050194', 'San Pedro', '0501', '05'),
('050195', 'San Pedro de Urabá', '0501', '05'),
('050196', 'San Rafael', '0501', '05'),
('050197', 'San Roque', '0501', '05'),
('050198', 'San Vicente', '0501', '05'),
('050199', 'Santa Bárbara', '0501', '05'),
('050201', 'Santa Fé de Antioquia', '0502', '05');
INSERT INTO `ubigeo_peru_districts` (`id`, `name`, `province_id`, `department_id`) VALUES
('050202', 'Santa Rosa de Osos', '0502', '05'),
('050203', 'Santo Domingo', '0502', '05'),
('050204', 'Santuario', '0502', '05'),
('050205', 'Segovia', '0502', '05'),
('050206', 'Sonsón', '0502', '05'),
('050207', 'Sopetrán', '0502', '05'),
('050208', 'Tarazá', '0502', '05'),
('050209', 'Tarso', '0502', '05'),
('050210', 'Titiribí', '0502', '05'),
('050211', 'Toledo', '0502', '05'),
('050212', 'Turbo', '0502', '05'),
('050213', 'Támesis', '0502', '05'),
('050214', 'Uramita', '0502', '05'),
('050215', 'Urrao', '0502', '05'),
('050216', 'Valdivia', '0502', '05'),
('050217', 'Valparaiso', '0502', '05'),
('050218', 'Vegachí', '0502', '05'),
('050219', 'Venecia', '0502', '05'),
('050220', 'Vigía del Fuerte', '0502', '05'),
('050221', 'Yalí', '0502', '05'),
('050222', 'Yarumal', '0502', '05'),
('050223', 'Yolombó', '0502', '05'),
('050224', 'Yondó (Casabe)', '0502', '05'),
('050225', 'Zaragoza', '0502', '05'),
('500101', 'Acacías', '5001', '50'),
('500102', 'Barranca de Upía', '5001', '50'),
('500103', 'Cabuyaro', '5001', '50'),
('500104', 'Castilla la Nueva', '5001', '50'),
('500105', 'Cubarral', '5001', '50'),
('500106', 'Cumaral', '5001', '50'),
('500107', 'El Calvario', '5001', '50'),
('500108', 'El Castillo', '5001', '50'),
('500109', 'El Dorado', '5001', '50'),
('500110', 'Fuente de Oro', '5001', '50'),
('500111', 'Granada', '5001', '50'),
('500112', 'Guamal', '5001', '50'),
('500113', 'La Macarena', '5001', '50'),
('500114', 'Lejanías', '5001', '50'),
('500115', 'Mapiripan', '5001', '50'),
('500116', 'Mesetas', '5001', '50'),
('500117', 'Puerto Concordia', '5001', '50'),
('500118', 'Puerto Gaitán', '5001', '50'),
('500119', 'Puerto Lleras', '5001', '50'),
('500120', 'Puerto López', '5001', '50'),
('500121', 'Puerto Rico', '5001', '50'),
('500122', 'Restrepo', '5001', '50'),
('500123', 'San Carlos de Guaroa', '5001', '50'),
('500124', 'San Juan de Arama', '5001', '50'),
('500125', 'San Juanito', '5001', '50'),
('500126', 'San Martín', '5001', '50'),
('500127', 'Uribe', '5001', '50'),
('500128', 'Villavicencio', '5001', '50'),
('500129', 'Vista Hermosa', '5001', '50'),
('270101', 'Acandí', '2701', '27'),
('270102', 'Alto Baudó (Pie de Pato)', '2701', '27'),
('270103', 'Atrato (Yuto)', '2701', '27'),
('270104', 'Bagadó', '2701', '27'),
('270105', 'Bahía Solano (Mútis)', '2701', '27'),
('270106', 'Bajo Baudó (Pizarro)', '2701', '27'),
('270107', 'Belén de Bajirá', '2701', '27'),
('270108', 'Bojayá (Bellavista)', '2701', '27'),
('270109', 'Cantón de San Pablo', '2701', '27'),
('270110', 'Carmen del Darién (CURBARADÓ)', '2701', '27'),
('270111', 'Condoto', '2701', '27'),
('270112', 'Cértegui', '2701', '27'),
('270113', 'El Carmen de Atrato', '2701', '27'),
('270114', 'Istmina', '2701', '27'),
('270115', 'Juradó', '2701', '27'),
('270116', 'Lloró', '2701', '27'),
('270117', 'Medio Atrato', '2701', '27'),
('270118', 'Medio Baudó', '2701', '27'),
('270119', 'Medio San Juan (ANDAGOYA)', '2701', '27'),
('270120', 'Novita', '2701', '27'),
('270121', 'Nuquí', '2701', '27'),
('270122', 'Quibdó', '2701', '27'),
('270123', 'Río Iró', '2701', '27'),
('270124', 'Río Quito', '2701', '27'),
('270125', 'Ríosucio', '2701', '27'),
('270126', 'San José del Palmar', '2701', '27'),
('270127', 'Santa Genoveva de Docorodó', '2701', '27'),
('270128', 'Sipí', '2701', '27'),
('270129', 'Tadó', '2701', '27'),
('270130', 'Unguía', '2701', '27'),
('270131', 'Unión Panamericana (ÁNIMAS)', '2701', '27'),
('410101', 'Acevedo', '4101', '41'),
('410102', 'Agrado', '4101', '41'),
('410103', 'Aipe', '4101', '41'),
('410104', 'Algeciras', '4101', '41'),
('410105', 'Altamira', '4101', '41'),
('410106', 'Baraya', '4101', '41'),
('410107', 'Campoalegre', '4101', '41'),
('410108', 'Colombia', '4101', '41'),
('410109', 'Elías', '4101', '41'),
('410110', 'Garzón', '4101', '41'),
('410111', 'Gigante', '4101', '41'),
('410112', 'Guadalupe', '4101', '41'),
('410113', 'Hobo', '4101', '41'),
('410114', 'Isnos', '4101', '41'),
('410115', 'La Argentina', '4101', '41'),
('410116', 'La Plata', '4101', '41');
INSERT INTO `ubigeo_peru_districts` (`id`, `name`, `province_id`, `department_id`) VALUES
('410117', 'Neiva', '4101', '41'),
('410118', 'Nátaga', '4101', '41'),
('410119', 'Oporapa', '4101', '41'),
('410120', 'Paicol', '4101', '41'),
('410121', 'Palermo', '4101', '41'),
('410122', 'Palestina', '4101', '41'),
('410123', 'Pital', '4101', '41'),
('410124', 'Pitalito', '4101', '41'),
('410125', 'Rivera', '4101', '41'),
('410126', 'Saladoblanco', '4101', '41'),
('410127', 'San Agustín', '4101', '41'),
('410128', 'Santa María', '4101', '41'),
('410129', 'Suaza', '4101', '41'),
('410130', 'Tarqui', '4101', '41'),
('410131', 'Tello', '4101', '41'),
('410132', 'Teruel', '4101', '41'),
('410133', 'Tesalia', '4101', '41'),
('410134', 'Timaná', '4101', '41'),
('410135', 'Villavieja', '4101', '41'),
('410136', 'Yaguará', '4101', '41'),
('410137', 'Íquira', '4101', '41'),
('130101', 'Achí', '1301', '13'),
('130102', 'Altos del Rosario', '1301', '13'),
('130103', 'Arenal', '1301', '13'),
('130104', 'Arjona', '1301', '13'),
('130105', 'Arroyohondo', '1301', '13'),
('130106', 'Barranco de Loba', '1301', '13'),
('130107', 'Calamar', '1301', '13'),
('130108', 'Cantagallo', '1301', '13'),
('130109', 'Cartagena', '1301', '13'),
('130110', 'Cicuco', '1301', '13'),
('130111', 'Clemencia', '1301', '13'),
('130112', 'Córdoba', '1301', '13'),
('130113', 'El Carmen de Bolívar', '1301', '13'),
('130114', 'El Guamo', '1301', '13'),
('130115', 'El Peñon', '1301', '13'),
('130116', 'Hatillo de Loba', '1301', '13'),
('130117', 'Magangué', '1301', '13'),
('130118', 'Mahates', '1301', '13'),
('130119', 'Margarita', '1301', '13'),
('130120', 'María la Baja', '1301', '13'),
('130121', 'Mompós', '1301', '13'),
('130122', 'Montecristo', '1301', '13'),
('130123', 'Morales', '1301', '13'),
('130124', 'Norosí', '1301', '13'),
('130125', 'Pinillos', '1301', '13'),
('130126', 'Regidor', '1301', '13'),
('130127', 'Río Viejo', '1301', '13'),
('130128', 'San Cristobal', '1301', '13'),
('130129', 'San Estanislao', '1301', '13'),
('130130', 'San Fernando', '1301', '13'),
('130131', 'San Jacinto', '1301', '13'),
('130132', 'San Jacinto del Cauca', '1301', '13'),
('130133', 'San Juan de Nepomuceno', '1301', '13'),
('130134', 'San Martín de Loba', '1301', '13'),
('130135', 'San Pablo', '1301', '13'),
('130136', 'Santa Catalina', '1301', '13'),
('130137', 'Santa Rosa', '1301', '13'),
('130138', 'Santa Rosa del Sur', '1301', '13'),
('130139', 'Simití', '1301', '13'),
('130140', 'Soplaviento', '1301', '13'),
('130141', 'Talaigua Nuevo', '1301', '13'),
('130142', 'Tiquisio (Puerto Rico)', '1301', '13'),
('130143', 'Turbaco', '1301', '13'),
('130144', 'Turbaná', '1301', '13'),
('130145', 'Villanueva', '1301', '13'),
('130146', 'Zambrano', '1301', '13'),
('250101', 'Agua de Dios', '2501', '25'),
('250102', 'Albán', '2501', '25'),
('250103', 'Anapoima', '2501', '25'),
('250104', 'Anolaima', '2501', '25'),
('250105', 'Apulo', '2501', '25'),
('250106', 'Arbeláez', '2501', '25'),
('250107', 'Beltrán', '2501', '25'),
('250108', 'Bituima', '2501', '25'),
('250109', 'Bojacá', '2501', '25'),
('250110', 'Cabrera', '2501', '25'),
('250111', 'Cachipay', '2501', '25'),
('250112', 'Cajicá', '2501', '25'),
('250113', 'Caparrapí', '2501', '25'),
('250114', 'Carmen de Carupa', '2501', '25'),
('250115', 'Chaguaní', '2501', '25'),
('250116', 'Chipaque', '2501', '25'),
('250117', 'Choachí', '2501', '25'),
('250118', 'Chocontá', '2501', '25'),
('250119', 'Chía', '2501', '25'),
('250120', 'Cogua', '2501', '25'),
('250121', 'Cota', '2501', '25'),
('250122', 'Cucunubá', '2501', '25'),
('250123', 'Cáqueza', '2501', '25'),
('250124', 'El Colegio', '2501', '25'),
('250125', 'El Peñón', '2501', '25'),
('250126', 'El Rosal', '2501', '25'),
('250127', 'Facatativá', '2501', '25'),
('250128', 'Fosca', '2501', '25'),
('250129', 'Funza', '2501', '25'),
('250130', 'Fusagasugá', '2501', '25'),
('250131', 'Fómeque', '2501', '25'),
('250132', 'Fúquene', '2501', '25'),
('250133', 'Gachalá', '2501', '25');
INSERT INTO `ubigeo_peru_districts` (`id`, `name`, `province_id`, `department_id`) VALUES
('250134', 'Gachancipá', '2501', '25'),
('250135', 'Gachetá', '2501', '25'),
('250136', 'Gama', '2501', '25'),
('250137', 'Girardot', '2501', '25'),
('250138', 'Granada', '2501', '25'),
('250139', 'Guachetá', '2501', '25'),
('250140', 'Guaduas', '2501', '25'),
('250141', 'Guasca', '2501', '25'),
('250142', 'Guataquí', '2501', '25'),
('250143', 'Guatavita', '2501', '25'),
('250144', 'Guayabal de Siquima', '2501', '25'),
('250145', 'Guayabetal', '2501', '25'),
('250146', 'Gutiérrez', '2501', '25'),
('250147', 'Jerusalén', '2501', '25'),
('250148', 'Junín', '2501', '25'),
('250149', 'La Calera', '2501', '25'),
('250150', 'La Mesa', '2501', '25'),
('250151', 'La Palma', '2501', '25'),
('250152', 'La Peña', '2501', '25'),
('250153', 'La Vega', '2501', '25'),
('250154', 'Lenguazaque', '2501', '25'),
('250155', 'Machetá', '2501', '25'),
('250156', 'Madrid', '2501', '25'),
('250157', 'Manta', '2501', '25'),
('250158', 'Medina', '2501', '25'),
('250159', 'Mosquera', '2501', '25'),
('250160', 'Nariño', '2501', '25'),
('250161', 'Nemocón', '2501', '25'),
('250162', 'Nilo', '2501', '25'),
('250163', 'Nimaima', '2501', '25'),
('250164', 'Nocaima', '2501', '25'),
('250165', 'Pacho', '2501', '25'),
('250166', 'Paime', '2501', '25'),
('250167', 'Pandi', '2501', '25'),
('250168', 'Paratebueno', '2501', '25'),
('250169', 'Pasca', '2501', '25'),
('250170', 'Puerto Salgar', '2501', '25'),
('250171', 'Pulí', '2501', '25'),
('250172', 'Quebradanegra', '2501', '25'),
('250173', 'Quetame', '2501', '25'),
('250174', 'Quipile', '2501', '25'),
('250175', 'Ricaurte', '2501', '25'),
('250176', 'San Antonio de Tequendama', '2501', '25'),
('250177', 'San Bernardo', '2501', '25'),
('250178', 'San Cayetano', '2501', '25'),
('250179', 'San Francisco', '2501', '25'),
('250180', 'San Juan de Río Seco', '2501', '25'),
('250181', 'Sasaima', '2501', '25'),
('250182', 'Sesquilé', '2501', '25'),
('250183', 'Sibaté', '2501', '25'),
('250184', 'Silvania', '2501', '25'),
('250185', 'Simijaca', '2501', '25'),
('250186', 'Soacha', '2501', '25'),
('250187', 'Sopó', '2501', '25'),
('250188', 'Subachoque', '2501', '25'),
('250189', 'Suesca', '2501', '25'),
('250190', 'Supatá', '2501', '25'),
('250191', 'Susa', '2501', '25'),
('250192', 'Sutatausa', '2501', '25'),
('250193', 'Tabio', '2501', '25'),
('250194', 'Tausa', '2501', '25'),
('250195', 'Tena', '2501', '25'),
('250196', 'Tenjo', '2501', '25'),
('250197', 'Tibacuy', '2501', '25'),
('250198', 'Tibirita', '2501', '25'),
('250199', 'Tocaima', '2501', '25'),
('250201', 'Tocancipá', '2502', '25'),
('250202', 'Topaipí', '2502', '25'),
('250203', 'Ubalá', '2502', '25'),
('250204', 'Ubaque', '2502', '25'),
('250205', 'Ubaté', '2502', '25'),
('250206', 'Une', '2502', '25'),
('250207', 'Venecia (Ospina Pérez)', '2502', '25'),
('250208', 'Vergara', '2502', '25'),
('250209', 'Viani', '2502', '25'),
('250210', 'Villagómez', '2502', '25'),
('250211', 'Villapinzón', '2502', '25'),
('250212', 'Villeta', '2502', '25'),
('250213', 'Viotá', '2502', '25'),
('250214', 'Yacopí', '2502', '25'),
('250215', 'Zipacón', '2502', '25'),
('250216', 'Zipaquirá', '2502', '25'),
('250217', 'Útica', '2502', '25'),
('200101', 'Aguachica', '2001', '20'),
('200102', 'Agustín Codazzi', '2001', '20'),
('200103', 'Astrea', '2001', '20'),
('200104', 'Becerríl', '2001', '20'),
('200105', 'Bosconia', '2001', '20'),
('200106', 'Chimichagua', '2001', '20'),
('200107', 'Chiriguaná', '2001', '20'),
('200108', 'Curumaní', '2001', '20'),
('200109', 'El Copey', '2001', '20'),
('200110', 'El Paso', '2001', '20'),
('200111', 'Gamarra', '2001', '20'),
('200112', 'Gonzalez', '2001', '20'),
('200113', 'La Gloria', '2001', '20'),
('200114', 'La Jagua de Ibirico', '2001', '20'),
('200115', 'La Paz (Robles)', '2001', '20'),
('200116', 'Manaure Balcón del Cesar', '2001', '20'),
('200117', 'Pailitas', '2001', '20');
INSERT INTO `ubigeo_peru_districts` (`id`, `name`, `province_id`, `department_id`) VALUES
('200118', 'Pelaya', '2001', '20'),
('200119', 'Pueblo Bello', '2001', '20'),
('200120', 'Río de oro', '2001', '20'),
('200121', 'San Alberto', '2001', '20'),
('200122', 'San Diego', '2001', '20'),
('200123', 'San Martín', '2001', '20'),
('200124', 'Tamalameque', '2001', '20'),
('200125', 'Valledupar', '2001', '20'),
('680101', 'Aguada', '6801', '68'),
('680102', 'Albania', '6801', '68'),
('680103', 'Aratoca', '6801', '68'),
('680104', 'Barbosa', '6801', '68'),
('680105', 'Barichara', '6801', '68'),
('680106', 'Barrancabermeja', '6801', '68'),
('680107', 'Betulia', '6801', '68'),
('680108', 'Bolívar', '6801', '68'),
('680109', 'Bucaramanga', '6801', '68'),
('680110', 'Cabrera', '6801', '68'),
('680111', 'California', '6801', '68'),
('680112', 'Capitanejo', '6801', '68'),
('680113', 'Carcasí', '6801', '68'),
('680114', 'Cepita', '6801', '68'),
('680115', 'Cerrito', '6801', '68'),
('680116', 'Charalá', '6801', '68'),
('680117', 'Charta', '6801', '68'),
('680118', 'Chima', '6801', '68'),
('680119', 'Chipatá', '6801', '68'),
('680120', 'Cimitarra', '6801', '68'),
('680121', 'Concepción', '6801', '68'),
('680122', 'Confines', '6801', '68'),
('680123', 'Contratación', '6801', '68'),
('680124', 'Coromoro', '6801', '68'),
('680125', 'Curití', '6801', '68'),
('680126', 'El Carmen', '6801', '68'),
('680127', 'El Guacamayo', '6801', '68'),
('680128', 'El Peñon', '6801', '68'),
('680129', 'El Playón', '6801', '68'),
('680130', 'Encino', '6801', '68'),
('680131', 'Enciso', '6801', '68'),
('680132', 'Floridablanca', '6801', '68'),
('680133', 'Florián', '6801', '68'),
('680134', 'Galán', '6801', '68'),
('680135', 'Girón', '6801', '68'),
('680136', 'Guaca', '6801', '68'),
('680137', 'Guadalupe', '6801', '68'),
('680138', 'Guapota', '6801', '68'),
('680139', 'Guavatá', '6801', '68'),
('680140', 'Guepsa', '6801', '68'),
('680141', 'Gámbita', '6801', '68'),
('680142', 'Hato', '6801', '68'),
('680143', 'Jesús María', '6801', '68'),
('680144', 'Jordán', '6801', '68'),
('680145', 'La Belleza', '6801', '68'),
('680146', 'La Paz', '6801', '68'),
('680147', 'Landázuri', '6801', '68'),
('680148', 'Lebrija', '6801', '68'),
('680149', 'Los Santos', '6801', '68'),
('680150', 'Macaravita', '6801', '68'),
('680151', 'Matanza', '6801', '68'),
('680152', 'Mogotes', '6801', '68'),
('680153', 'Molagavita', '6801', '68'),
('680154', 'Málaga', '6801', '68'),
('680155', 'Ocamonte', '6801', '68'),
('680156', 'Oiba', '6801', '68'),
('680157', 'Onzaga', '6801', '68'),
('680158', 'Palmar', '6801', '68'),
('680159', 'Palmas del Socorro', '6801', '68'),
('680160', 'Pie de Cuesta', '6801', '68'),
('680161', 'Pinchote', '6801', '68'),
('680162', 'Puente Nacional', '6801', '68'),
('680163', 'Puerto Parra', '6801', '68'),
('680164', 'Puerto Wilches', '6801', '68'),
('680165', 'Páramo', '6801', '68'),
('680166', 'Rio Negro', '6801', '68'),
('680167', 'Sabana de Torres', '6801', '68'),
('680168', 'San Andrés', '6801', '68'),
('680169', 'San Benito', '6801', '68'),
('680170', 'San Gíl', '6801', '68'),
('680171', 'San Joaquín', '6801', '68'),
('680172', 'San José de Miranda', '6801', '68'),
('680173', 'San Miguel', '6801', '68'),
('680174', 'San Vicente del Chucurí', '6801', '68'),
('680175', 'Santa Bárbara', '6801', '68'),
('680176', 'Santa Helena del Opón', '6801', '68'),
('680177', 'Simacota', '6801', '68'),
('680178', 'Socorro', '6801', '68'),
('680179', 'Suaita', '6801', '68'),
('680180', 'Sucre', '6801', '68'),
('680181', 'Suratá', '6801', '68'),
('680182', 'Tona', '6801', '68'),
('680183', 'Valle de San José', '6801', '68'),
('680184', 'Vetas', '6801', '68'),
('680185', 'Villanueva', '6801', '68'),
('680186', 'Vélez', '6801', '68'),
('680187', 'Zapatoca', '6801', '68'),
('170101', 'Aguadas', '1701', '17'),
('170102', 'Anserma', '1701', '17'),
('170103', 'Aranzazu', '1701', '17'),
('170104', 'Belalcázar', '1701', '17'),
('170105', 'Chinchiná', '1701', '17');
INSERT INTO `ubigeo_peru_districts` (`id`, `name`, `province_id`, `department_id`) VALUES
('170106', 'Filadelfia', '1701', '17'),
('170107', 'La Dorada', '1701', '17'),
('170108', 'La Merced', '1701', '17'),
('170109', 'La Victoria', '1701', '17'),
('170110', 'Manizales', '1701', '17'),
('170111', 'Manzanares', '1701', '17'),
('170112', 'Marmato', '1701', '17'),
('170113', 'Marquetalia', '1701', '17'),
('170114', 'Marulanda', '1701', '17'),
('170115', 'Neira', '1701', '17'),
('170116', 'Norcasia', '1701', '17'),
('170117', 'Palestina', '1701', '17'),
('170118', 'Pensilvania', '1701', '17'),
('170119', 'Pácora', '1701', '17'),
('170120', 'Risaralda', '1701', '17'),
('170121', 'Río Sucio', '1701', '17'),
('170122', 'Salamina', '1701', '17'),
('170123', 'Samaná', '1701', '17'),
('170124', 'San José', '1701', '17'),
('170125', 'Supía', '1701', '17'),
('170126', 'Villamaría', '1701', '17'),
('170127', 'Viterbo', '1701', '17'),
('850101', 'Aguazul', '8501', '85'),
('850102', 'Chámeza', '8501', '85'),
('850103', 'Hato Corozal', '8501', '85'),
('850104', 'La Salina', '8501', '85'),
('850105', 'Maní', '8501', '85'),
('850106', 'Monterrey', '8501', '85'),
('850107', 'Nunchía', '8501', '85'),
('850108', 'Orocué', '8501', '85'),
('850109', 'Paz de Ariporo', '8501', '85'),
('850110', 'Pore', '8501', '85'),
('850111', 'Recetor', '8501', '85'),
('850112', 'Sabanalarga', '8501', '85'),
('850113', 'San Luís de Palenque', '8501', '85'),
('850114', 'Sácama', '8501', '85'),
('850115', 'Tauramena', '8501', '85'),
('850116', 'Trinidad', '8501', '85'),
('850117', 'Támara', '8501', '85'),
('850118', 'Villanueva', '8501', '85'),
('850119', 'Yopal', '8501', '85'),
('180101', 'Albania', '1801', '18'),
('180102', 'Belén de los Andaquíes', '1801', '18'),
('180103', 'Cartagena del Chairá', '1801', '18'),
('180104', 'Curillo', '1801', '18'),
('180105', 'El Doncello', '1801', '18'),
('180106', 'El Paujil', '1801', '18'),
('180107', 'Florencia', '1801', '18'),
('180108', 'La Montañita', '1801', '18'),
('180109', 'Milán', '1801', '18'),
('180110', 'Morelia', '1801', '18'),
('180111', 'Puerto Rico', '1801', '18'),
('180112', 'San José del Fragua', '1801', '18'),
('180113', 'San Vicente del Caguán', '1801', '18'),
('180114', 'Solano', '1801', '18'),
('180115', 'Solita', '1801', '18'),
('180116', 'Valparaiso', '1801', '18'),
('440101', 'Albania', '4401', '44'),
('440102', 'Barrancas', '4401', '44'),
('440103', 'Dibulla', '4401', '44'),
('440104', 'Distracción', '4401', '44'),
('440105', 'El Molino', '4401', '44'),
('440106', 'Fonseca', '4401', '44'),
('440107', 'Hatonuevo', '4401', '44'),
('440108', 'La Jagua del Pilar', '4401', '44'),
('440109', 'Maicao', '4401', '44'),
('440110', 'Manaure', '4401', '44'),
('440111', 'Riohacha', '4401', '44'),
('440112', 'San Juan del Cesar', '4401', '44'),
('440113', 'Uribia', '4401', '44'),
('440114', 'Urumita', '4401', '44'),
('440115', 'Villanueva', '4401', '44'),
('520101', 'Albán (San José)', '5201', '52'),
('520102', 'Ancuya', '5201', '52'),
('520103', 'Arboleda (Berruecos)', '5201', '52'),
('520104', 'Barbacoas', '5201', '52'),
('520105', 'Belén', '5201', '52'),
('520106', 'Buesaco', '5201', '52'),
('520107', 'Chachaguí', '5201', '52'),
('520108', 'Colón (Génova)', '5201', '52'),
('520109', 'Consaca', '5201', '52'),
('520110', 'Contadero', '5201', '52'),
('520111', 'Cuaspud (Carlosama)', '5201', '52'),
('520112', 'Cumbal', '5201', '52'),
('520113', 'Cumbitara', '5201', '52'),
('520114', 'Córdoba', '5201', '52'),
('520115', 'El Charco', '5201', '52'),
('520116', 'El Peñol', '5201', '52'),
('520117', 'El Rosario', '5201', '52'),
('520118', 'El Tablón de Gómez', '5201', '52'),
('520119', 'El Tambo', '5201', '52'),
('520120', 'Francisco Pizarro', '5201', '52'),
('520121', 'Funes', '5201', '52'),
('520122', 'Guachavés', '5201', '52'),
('520123', 'Guachucal', '5201', '52'),
('520124', 'Guaitarilla', '5201', '52'),
('520125', 'Gualmatán', '5201', '52'),
('520126', 'Iles', '5201', '52'),
('520127', 'Imúes', '5201', '52'),
('520128', 'Ipiales', '5201', '52');
INSERT INTO `ubigeo_peru_districts` (`id`, `name`, `province_id`, `department_id`) VALUES
('520129', 'La Cruz', '5201', '52'),
('520130', 'La Florida', '5201', '52'),
('520131', 'La Llanada', '5201', '52'),
('520132', 'La Tola', '5201', '52'),
('520133', 'La Unión', '5201', '52'),
('520134', 'Leiva', '5201', '52'),
('520135', 'Linares', '5201', '52'),
('520136', 'Magüi (Payán)', '5201', '52'),
('520137', 'Mallama (Piedrancha)', '5201', '52'),
('520138', 'Mosquera', '5201', '52'),
('520139', 'Nariño', '5201', '52'),
('520140', 'Olaya Herrera', '5201', '52'),
('520141', 'Ospina', '5201', '52'),
('520142', 'Policarpa', '5201', '52'),
('520143', 'Potosí', '5201', '52'),
('520144', 'Providencia', '5201', '52'),
('520145', 'Puerres', '5201', '52'),
('520146', 'Pupiales', '5201', '52'),
('520147', 'Ricaurte', '5201', '52'),
('520148', 'Roberto Payán (San José)', '5201', '52'),
('520149', 'Samaniego', '5201', '52'),
('520150', 'San Bernardo', '5201', '52'),
('520151', 'San Juan de Pasto', '5201', '52'),
('520152', 'San Lorenzo', '5201', '52'),
('520153', 'San Pablo', '5201', '52'),
('520154', 'San Pedro de Cartago', '5201', '52'),
('520155', 'Sandoná', '5201', '52'),
('520156', 'Santa Bárbara (Iscuandé)', '5201', '52'),
('520157', 'Sapuyes', '5201', '52'),
('520158', 'Sotomayor (Los Andes)', '5201', '52'),
('520159', 'Taminango', '5201', '52'),
('520160', 'Tangua', '5201', '52'),
('520161', 'Tumaco', '5201', '52'),
('520162', 'Túquerres', '5201', '52'),
('520163', 'Yacuanquer', '5201', '52'),
('760101', 'Alcalá', '7601', '76'),
('760102', 'Andalucía', '7601', '76'),
('760103', 'Ansermanuevo', '7601', '76'),
('760104', 'Argelia', '7601', '76'),
('760105', 'Bolívar', '7601', '76'),
('760106', 'Buenaventura', '7601', '76'),
('760107', 'Buga', '7601', '76'),
('760108', 'Bugalagrande', '7601', '76'),
('760109', 'Caicedonia', '7601', '76'),
('760110', 'Calima (Darién)', '7601', '76'),
('760111', 'Calí', '7601', '76'),
('760112', 'Candelaria', '7601', '76'),
('760113', 'Cartago', '7601', '76'),
('760114', 'Dagua', '7601', '76'),
('760115', 'El Cairo', '7601', '76'),
('760116', 'El Cerrito', '7601', '76'),
('760117', 'El Dovio', '7601', '76'),
('760118', 'El Águila', '7601', '76'),
('760119', 'Florida', '7601', '76'),
('760120', 'Ginebra', '7601', '76'),
('760121', 'Guacarí', '7601', '76'),
('760122', 'Jamundí', '7601', '76'),
('760123', 'La Cumbre', '7601', '76'),
('760124', 'La Unión', '7601', '76'),
('760125', 'La Victoria', '7601', '76'),
('760126', 'Obando', '7601', '76'),
('760127', 'Palmira', '7601', '76'),
('760128', 'Pradera', '7601', '76'),
('760129', 'Restrepo', '7601', '76'),
('760130', 'Riofrío', '7601', '76'),
('760131', 'Roldanillo', '7601', '76'),
('760132', 'San Pedro', '7601', '76'),
('760133', 'Sevilla', '7601', '76'),
('760134', 'Toro', '7601', '76'),
('760135', 'Trujillo', '7601', '76'),
('760136', 'Tulúa', '7601', '76'),
('760137', 'Ulloa', '7601', '76'),
('760138', 'Versalles', '7601', '76'),
('760139', 'Vijes', '7601', '76'),
('760140', 'Yotoco', '7601', '76'),
('760141', 'Yumbo', '7601', '76'),
('760142', 'Zarzal', '7601', '76'),
('470101', 'Algarrobo', '4701', '47'),
('470102', 'Aracataca', '4701', '47'),
('470103', 'Ariguaní (El Difícil)', '4701', '47'),
('470104', 'Cerro San Antonio', '4701', '47'),
('470105', 'Chivolo', '4701', '47'),
('470106', 'Ciénaga', '4701', '47'),
('470107', 'Concordia', '4701', '47'),
('470108', 'El Banco', '4701', '47'),
('470109', 'El Piñon', '4701', '47'),
('470110', 'El Retén', '4701', '47'),
('470111', 'Fundación', '4701', '47'),
('470112', 'Guamal', '4701', '47'),
('470113', 'Nueva Granada', '4701', '47'),
('470114', 'Pedraza', '4701', '47'),
('470115', 'Pijiño', '4701', '47'),
('470116', 'Pivijay', '4701', '47'),
('470117', 'Plato', '4701', '47'),
('470118', 'Puebloviejo', '4701', '47'),
('470119', 'Remolino', '4701', '47'),
('470120', 'Sabanas de San Angel (SAN ANGEL)', '4701', '47'),
('470121', 'Salamina', '4701', '47'),
('470122', 'San Sebastián de Buenavista', '4701', '47'),
('470123', 'San Zenón', '4701', '47');
INSERT INTO `ubigeo_peru_districts` (`id`, `name`, `province_id`, `department_id`) VALUES
('470124', 'Santa Ana', '4701', '47'),
('470125', 'Santa Bárbara de Pinto', '4701', '47'),
('470126', 'Santa Marta', '4701', '47'),
('470127', 'Sitionuevo', '4701', '47'),
('470128', 'Tenerife', '4701', '47'),
('470129', 'Zapayán (PUNTA DE PIEDRAS)', '4701', '47'),
('470130', 'Zona Bananera (PRADO - SEVILLA)', '4701', '47'),
('190101', 'Almaguer', '1901', '19'),
('190102', 'Argelia', '1901', '19'),
('190103', 'Balboa', '1901', '19'),
('190104', 'Bolívar', '1901', '19'),
('190105', 'Buenos Aires', '1901', '19'),
('190106', 'Cajibío', '1901', '19'),
('190107', 'Caldono', '1901', '19'),
('190108', 'Caloto', '1901', '19'),
('190109', 'Corinto', '1901', '19'),
('190110', 'El Tambo', '1901', '19'),
('190111', 'Florencia', '1901', '19'),
('190112', 'Guachené', '1901', '19'),
('190113', 'Guapí', '1901', '19'),
('190114', 'Inzá', '1901', '19'),
('190115', 'Jambaló', '1901', '19'),
('190116', 'La Sierra', '1901', '19'),
('190117', 'La Vega', '1901', '19'),
('190118', 'López (Micay)', '1901', '19'),
('190119', 'Mercaderes', '1901', '19'),
('190120', 'Miranda', '1901', '19'),
('190121', 'Morales', '1901', '19'),
('190122', 'Padilla', '1901', '19'),
('190123', 'Patía (El Bordo)', '1901', '19'),
('190124', 'Piamonte', '1901', '19'),
('190125', 'Piendamó', '1901', '19'),
('190126', 'Popayán', '1901', '19'),
('190127', 'Puerto Tejada', '1901', '19'),
('190128', 'Puracé (Coconuco)', '1901', '19'),
('190129', 'Páez (Belalcazar)', '1901', '19'),
('190130', 'Rosas', '1901', '19'),
('190131', 'San Sebastián', '1901', '19'),
('190132', 'Santa Rosa', '1901', '19'),
('190133', 'Santander de Quilichao', '1901', '19'),
('190134', 'Silvia', '1901', '19'),
('190135', 'Sotara (Paispamba)', '1901', '19'),
('190136', 'Sucre', '1901', '19'),
('190137', 'Suárez', '1901', '19'),
('190138', 'Timbiquí', '1901', '19'),
('190139', 'Timbío', '1901', '19'),
('190140', 'Toribío', '1901', '19'),
('190141', 'Totoró', '1901', '19'),
('190142', 'Villa Rica', '1901', '19'),
('150101', 'Almeida', '1501', '15'),
('150102', 'Aquitania', '1501', '15'),
('150103', 'Arcabuco', '1501', '15'),
('150104', 'Belén', '1501', '15'),
('150105', 'Berbeo', '1501', '15'),
('150106', 'Beteitiva', '1501', '15'),
('150107', 'Boavita', '1501', '15'),
('150108', 'Boyacá', '1501', '15'),
('150109', 'Briceño', '1501', '15'),
('150110', 'Buenavista', '1501', '15'),
('150111', 'Busbanza', '1501', '15'),
('150112', 'Caldas', '1501', '15'),
('150113', 'Campohermoso', '1501', '15'),
('150114', 'Cerinza', '1501', '15'),
('150115', 'Chinavita', '1501', '15'),
('150116', 'Chiquinquirá', '1501', '15'),
('150117', 'Chiscas', '1501', '15'),
('150118', 'Chita', '1501', '15'),
('150119', 'Chitaraque', '1501', '15'),
('150120', 'Chivatá', '1501', '15'),
('150121', 'Chíquiza', '1501', '15'),
('150122', 'Chívor', '1501', '15'),
('150123', 'Ciénaga', '1501', '15'),
('150124', 'Coper', '1501', '15'),
('150125', 'Corrales', '1501', '15'),
('150126', 'Covarachía', '1501', '15'),
('150127', 'Cubará', '1501', '15'),
('150128', 'Cucaita', '1501', '15'),
('150129', 'Cuitiva', '1501', '15'),
('150130', 'Cómbita', '1501', '15'),
('150131', 'Duitama', '1501', '15'),
('150132', 'El Cocuy', '1501', '15'),
('150133', 'El Espino', '1501', '15'),
('150134', 'Firavitoba', '1501', '15'),
('150135', 'Floresta', '1501', '15'),
('150136', 'Gachantivá', '1501', '15'),
('150137', 'Garagoa', '1501', '15'),
('150138', 'Guacamayas', '1501', '15'),
('150139', 'Guateque', '1501', '15'),
('150140', 'Guayatá', '1501', '15'),
('150141', 'Guicán', '1501', '15'),
('150142', 'Gámeza', '1501', '15'),
('150143', 'Izá', '1501', '15'),
('150144', 'Jenesano', '1501', '15'),
('150145', 'Jericó', '1501', '15'),
('150146', 'La Capilla', '1501', '15'),
('150147', 'La Uvita', '1501', '15'),
('150148', 'La Victoria', '1501', '15'),
('150149', 'Labranzagrande', '1501', '15'),
('150150', 'Macanal', '1501', '15'),
('150151', 'Maripí', '1501', '15');
INSERT INTO `ubigeo_peru_districts` (`id`, `name`, `province_id`, `department_id`) VALUES
('150152', 'Miraflores', '1501', '15'),
('150153', 'Mongua', '1501', '15'),
('150154', 'Monguí', '1501', '15'),
('150155', 'Moniquirá', '1501', '15'),
('150156', 'Motavita', '1501', '15'),
('150157', 'Muzo', '1501', '15'),
('150158', 'Nobsa', '1501', '15'),
('150159', 'Nuevo Colón', '1501', '15'),
('150160', 'Oicatá', '1501', '15'),
('150161', 'Otanche', '1501', '15'),
('150162', 'Pachavita', '1501', '15'),
('150163', 'Paipa', '1501', '15'),
('150164', 'Pajarito', '1501', '15'),
('150165', 'Panqueba', '1501', '15'),
('150166', 'Pauna', '1501', '15'),
('150167', 'Paya', '1501', '15'),
('150168', 'Paz de Río', '1501', '15'),
('150169', 'Pesca', '1501', '15'),
('150170', 'Pisva', '1501', '15'),
('150171', 'Puerto Boyacá', '1501', '15'),
('150172', 'Páez', '1501', '15'),
('150173', 'Quipama', '1501', '15'),
('150174', 'Ramiriquí', '1501', '15'),
('150175', 'Rondón', '1501', '15'),
('150176', 'Ráquira', '1501', '15'),
('150177', 'Saboyá', '1501', '15'),
('150178', 'Samacá', '1501', '15'),
('150179', 'San Eduardo', '1501', '15'),
('150180', 'San José de Pare', '1501', '15'),
('150181', 'San Luís de Gaceno', '1501', '15'),
('150182', 'San Mateo', '1501', '15'),
('150183', 'San Miguel de Sema', '1501', '15'),
('150184', 'San Pablo de Borbur', '1501', '15'),
('150185', 'Santa María', '1501', '15'),
('150186', 'Santa Rosa de Viterbo', '1501', '15'),
('150187', 'Santa Sofía', '1501', '15'),
('150188', 'Santana', '1501', '15'),
('150189', 'Sativanorte', '1501', '15'),
('150190', 'Sativasur', '1501', '15'),
('150191', 'Siachoque', '1501', '15'),
('150192', 'Soatá', '1501', '15'),
('150193', 'Socha', '1501', '15'),
('150194', 'Socotá', '1501', '15'),
('150195', 'Sogamoso', '1501', '15'),
('150196', 'Somondoco', '1501', '15'),
('150197', 'Sora', '1501', '15'),
('150198', 'Soracá', '1501', '15'),
('150199', 'Sotaquirá', '1501', '15'),
('150201', 'Susacón', '1502', '15'),
('150202', 'Sutamarchán', '1502', '15'),
('150203', 'Sutatenza', '1502', '15'),
('150204', 'Sáchica', '1502', '15'),
('150205', 'Tasco', '1502', '15'),
('150206', 'Tenza', '1502', '15'),
('150207', 'Tibaná', '1502', '15'),
('150208', 'Tibasosa', '1502', '15'),
('150209', 'Tinjacá', '1502', '15'),
('150210', 'Tipacoque', '1502', '15'),
('150211', 'Toca', '1502', '15'),
('150212', 'Toguí', '1502', '15'),
('150213', 'Topagá', '1502', '15'),
('150214', 'Tota', '1502', '15'),
('150215', 'Tunja', '1502', '15'),
('150216', 'Tunungua', '1502', '15'),
('150217', 'Turmequé', '1502', '15'),
('150218', 'Tuta', '1502', '15'),
('150219', 'Tutasá', '1502', '15'),
('150220', 'Ventaquemada', '1502', '15'),
('150221', 'Villa de Leiva', '1502', '15'),
('150222', 'Viracachá', '1502', '15'),
('150223', 'Zetaquirá', '1502', '15'),
('150224', 'Úmbita', '1502', '15'),
('730101', 'Alpujarra', '7301', '73'),
('730102', 'Alvarado', '7301', '73'),
('730103', 'Ambalema', '7301', '73'),
('730104', 'Anzoátegui', '7301', '73'),
('730105', 'Armero (Guayabal)', '7301', '73'),
('730106', 'Ataco', '7301', '73'),
('730107', 'Cajamarca', '7301', '73'),
('730108', 'Carmen de Apicalá', '7301', '73'),
('730109', 'Casabianca', '7301', '73'),
('730110', 'Chaparral', '7301', '73'),
('730111', 'Coello', '7301', '73'),
('730112', 'Coyaima', '7301', '73'),
('730113', 'Cunday', '7301', '73'),
('730114', 'Dolores', '7301', '73'),
('730115', 'Espinal', '7301', '73'),
('730116', 'Falan', '7301', '73'),
('730117', 'Flandes', '7301', '73'),
('730118', 'Fresno', '7301', '73'),
('730119', 'Guamo', '7301', '73'),
('730120', 'Herveo', '7301', '73'),
('730121', 'Honda', '7301', '73'),
('730122', 'Ibagué', '7301', '73'),
('730123', 'Icononzo', '7301', '73'),
('730124', 'Lérida', '7301', '73'),
('730125', 'Líbano', '7301', '73'),
('730126', 'Mariquita', '7301', '73'),
('730127', 'Melgar', '7301', '73'),
('730128', 'Murillo', '7301', '73');
INSERT INTO `ubigeo_peru_districts` (`id`, `name`, `province_id`, `department_id`) VALUES
('730129', 'Natagaima', '7301', '73'),
('730130', 'Ortega', '7301', '73'),
('730131', 'Palocabildo', '7301', '73'),
('730132', 'Piedras', '7301', '73'),
('730133', 'Planadas', '7301', '73'),
('730134', 'Prado', '7301', '73'),
('730135', 'Purificación', '7301', '73'),
('730136', 'Rioblanco', '7301', '73'),
('730137', 'Roncesvalles', '7301', '73'),
('730138', 'Rovira', '7301', '73'),
('730139', 'Saldaña', '7301', '73'),
('730140', 'San Antonio', '7301', '73'),
('730141', 'San Luis', '7301', '73'),
('730142', 'Santa Isabel', '7301', '73'),
('730143', 'Suárez', '7301', '73'),
('730144', 'Valle de San Juan', '7301', '73'),
('730145', 'Venadillo', '7301', '73'),
('730146', 'Villahermosa', '7301', '73'),
('730147', 'Villarrica', '7301', '73'),
('660101', 'Apía', '6601', '66'),
('660102', 'Balboa', '6601', '66'),
('660103', 'Belén de Umbría', '6601', '66'),
('660104', 'Dos Quebradas', '6601', '66'),
('660105', 'Guática', '6601', '66'),
('660106', 'La Celia', '6601', '66'),
('660107', 'La Virginia', '6601', '66'),
('660108', 'Marsella', '6601', '66'),
('660109', 'Mistrató', '6601', '66'),
('660110', 'Pereira', '6601', '66'),
('660111', 'Pueblo Rico', '6601', '66'),
('660112', 'Quinchía', '6601', '66'),
('660113', 'Santa Rosa de Cabal', '6601', '66'),
('660114', 'Santuario', '6601', '66'),
('810101', 'Arauca', '8101', '81'),
('810102', 'Arauquita', '8101', '81'),
('810103', 'Cravo Norte', '8101', '81'),
('810104', 'Fortúl', '8101', '81'),
('810105', 'Puerto Rondón', '8101', '81'),
('810106', 'Saravena', '8101', '81'),
('810107', 'Tame', '8101', '81'),
('540101', 'Arboledas', '5401', '54'),
('540102', 'Bochalema', '5401', '54'),
('540103', 'Bucarasica', '5401', '54'),
('540104', 'Chinácota', '5401', '54'),
('540105', 'Chitagá', '5401', '54'),
('540106', 'Convención', '5401', '54'),
('540107', 'Cucutilla', '5401', '54'),
('540108', 'Cáchira', '5401', '54'),
('540109', 'Cácota', '5401', '54'),
('540110', 'Cúcuta', '5401', '54'),
('540111', 'Durania', '5401', '54'),
('540112', 'El Carmen', '5401', '54'),
('540113', 'El Tarra', '5401', '54'),
('540114', 'El Zulia', '5401', '54'),
('540115', 'Gramalote', '5401', '54'),
('540116', 'Hacarí', '5401', '54'),
('540117', 'Herrán', '5401', '54'),
('540118', 'La Esperanza', '5401', '54'),
('540119', 'La Playa', '5401', '54'),
('540120', 'Labateca', '5401', '54'),
('540121', 'Los Patios', '5401', '54'),
('540122', 'Lourdes', '5401', '54'),
('540123', 'Mutiscua', '5401', '54'),
('540124', 'Ocaña', '5401', '54'),
('540125', 'Pamplona', '5401', '54'),
('540126', 'Pamplonita', '5401', '54'),
('540127', 'Puerto Santander', '5401', '54'),
('540128', 'Ragonvalia', '5401', '54'),
('540129', 'Salazar', '5401', '54'),
('540130', 'San Calixto', '5401', '54'),
('540131', 'San Cayetano', '5401', '54'),
('540132', 'Santiago', '5401', '54'),
('540133', 'Sardinata', '5401', '54'),
('540134', 'Silos', '5401', '54'),
('540135', 'Teorama', '5401', '54'),
('540136', 'Tibú', '5401', '54'),
('540137', 'Toledo', '5401', '54'),
('540138', 'Villa Caro', '5401', '54'),
('540139', 'Villa del Rosario', '5401', '54'),
('540140', 'Ábrego', '5401', '54'),
('630101', 'Armenia', '6301', '63'),
('630102', 'Buenavista', '6301', '63'),
('630103', 'Calarcá', '6301', '63'),
('630104', 'Circasia', '6301', '63'),
('630105', 'Cordobá', '6301', '63'),
('630106', 'Filandia', '6301', '63'),
('630107', 'Génova', '6301', '63'),
('630108', 'La Tebaida', '6301', '63'),
('630109', 'Montenegro', '6301', '63'),
('630110', 'Pijao', '6301', '63'),
('630111', 'Quimbaya', '6301', '63'),
('630112', 'Salento', '6301', '63'),
('230101', 'Ayapel', '2301', '23'),
('230102', 'Buenavista', '2301', '23'),
('230103', 'Canalete', '2301', '23'),
('230104', 'Cereté', '2301', '23'),
('230105', 'Chimá', '2301', '23'),
('230106', 'Chinú', '2301', '23'),
('230107', 'Ciénaga de Oro', '2301', '23'),
('230108', 'Cotorra', '2301', '23');
INSERT INTO `ubigeo_peru_districts` (`id`, `name`, `province_id`, `department_id`) VALUES
('230109', 'La Apartada y La Frontera', '2301', '23'),
('230110', 'Lorica', '2301', '23'),
('230111', 'Los Córdobas', '2301', '23'),
('230112', 'Momil', '2301', '23'),
('230113', 'Montelíbano', '2301', '23'),
('230114', 'Monteria', '2301', '23'),
('230115', 'Moñitos', '2301', '23'),
('230116', 'Planeta Rica', '2301', '23'),
('230117', 'Pueblo Nuevo', '2301', '23'),
('230118', 'Puerto Escondido', '2301', '23'),
('230119', 'Puerto Libertador', '2301', '23'),
('230120', 'Purísima', '2301', '23'),
('230121', 'Sahagún', '2301', '23'),
('230122', 'San Andrés Sotavento', '2301', '23'),
('230123', 'San Antero', '2301', '23'),
('230124', 'San Bernardo del Viento', '2301', '23'),
('230125', 'San Carlos', '2301', '23'),
('230126', 'San José de Uré', '2301', '23'),
('230127', 'San Pelayo', '2301', '23'),
('230128', 'Tierralta', '2301', '23'),
('230129', 'Tuchín', '2301', '23'),
('230130', 'Valencia', '2301', '23'),
('080101', 'Baranoa', '0801', '08'),
('080102', 'Barranquilla', '0801', '08'),
('080103', 'Campo de la Cruz', '0801', '08'),
('080104', 'Candelaria', '0801', '08'),
('080105', 'Galapa', '0801', '08'),
('080106', 'Juan de Acosta', '0801', '08'),
('080107', 'Luruaco', '0801', '08'),
('080108', 'Malambo', '0801', '08'),
('080109', 'Manatí', '0801', '08'),
('080110', 'Palmar de Varela', '0801', '08'),
('080111', 'Piojo', '0801', '08'),
('080112', 'Polonuevo', '0801', '08'),
('080113', 'Ponedera', '0801', '08'),
('080114', 'Puerto Colombia', '0801', '08'),
('080115', 'Repelón', '0801', '08'),
('080116', 'Sabanagrande', '0801', '08'),
('080117', 'Sabanalarga', '0801', '08'),
('080118', 'Santa Lucía', '0801', '08'),
('080119', 'Santo Tomás', '0801', '08'),
('080120', 'Soledad', '0801', '08'),
('080121', 'Suan', '0801', '08'),
('080122', 'Tubará', '0801', '08'),
('080123', 'Usiacuri', '0801', '08'),
('110101', 'Bogotá D.C.', '1101', '11'),
('700101', 'Buenavista', '7001', '70'),
('700102', 'Caimito', '7001', '70'),
('700103', 'Chalán', '7001', '70'),
('700104', 'Colosó (Ricaurte)', '7001', '70'),
('700105', 'Corozal', '7001', '70'),
('700106', 'Coveñas', '7001', '70'),
('700107', 'El Roble', '7001', '70'),
('700108', 'Galeras (Nueva Granada)', '7001', '70'),
('700109', 'Guaranda', '7001', '70'),
('700110', 'La Unión', '7001', '70'),
('700111', 'Los Palmitos', '7001', '70'),
('700112', 'Majagual', '7001', '70'),
('700113', 'Morroa', '7001', '70'),
('700114', 'Ovejas', '7001', '70'),
('700115', 'Palmito', '7001', '70'),
('700116', 'Sampués', '7001', '70'),
('700117', 'San Benito Abad', '7001', '70'),
('700118', 'San Juan de Betulia', '7001', '70'),
('700119', 'San Marcos', '7001', '70'),
('700120', 'San Onofre', '7001', '70'),
('700121', 'San Pedro', '7001', '70'),
('700122', 'Sincelejo', '7001', '70'),
('700123', 'Sincé', '7001', '70'),
('700124', 'Sucre', '7001', '70'),
('700125', 'Tolú', '7001', '70'),
('700126', 'Tolú Viejo', '7001', '70'),
('950101', 'Calamar', '9501', '95'),
('950102', 'El Retorno', '9501', '95'),
('950103', 'Miraflores', '9501', '95'),
('950104', 'San José del Guaviare', '9501', '95'),
('970101', 'Carurú', '9701', '97'),
('970102', 'Mitú', '9701', '97'),
('970103', 'Taraira', '9701', '97'),
('860101', 'Colón', '8601', '86'),
('860102', 'Mocoa', '8601', '86'),
('860103', 'Orito', '8601', '86'),
('860104', 'Puerto Asís', '8601', '86'),
('860105', 'Puerto Caicedo', '8601', '86'),
('860106', 'Puerto Guzmán', '8601', '86'),
('860107', 'Puerto Leguízamo', '8601', '86'),
('860108', 'San Francisco', '8601', '86'),
('860109', 'San Miguel', '8601', '86'),
('860110', 'Santiago', '8601', '86'),
('860111', 'Sibundoy', '8601', '86'),
('860112', 'Valle del Guamuez', '8601', '86'),
('860113', 'Villagarzón', '8601', '86'),
('990101', 'Cumaribo', '9901', '99'),
('990102', 'La Primavera', '9901', '99'),
('990103', 'Puerto Carreño', '9901', '99'),
('990104', 'Santa Rosalía', '9901', '99'),
('940101', 'Inírida', '9401', '94'),
('910101', 'Leticia', '9101', '91'),
('910102', 'Puerto Nariño', '9101', '91'),
('880101', 'Providencia', '8801', '88');